1,PALLAENI,2019-01-13 19:01:42
2,PALLAENI,2019-01-13 20:01:23
3,HR 5413,2019-01-13 20:52:52
4,HR 6164,2019-01-13 22:17:23
5,PRAEA EUQ SF-V D3-6,2019-01-13 22:43:20
6,FINE RING SECTOR JH-V C2-4,2019-01-13 22:51:00
7,SHAPLEY 1,2019-01-13 23:04:21
8,HR 5413,2019-01-13 23:20:29
9,HR 6164,2019-01-13 23:39:56
10,HR 6164,2019-01-13 23:40:21
11,HR 6164,2019-01-13 23:41:26
12,TRAIKAAE CH-Y C10,2019-01-13 23:45:34
13,HR 6164,2019-01-14 00:06:25
14,HR 6164,2019-01-14 00:25:26
15,COL 359 SECTOR QX-Z C14-19,2019-01-14 00:33:07
16,HR 6164,2019-01-14 00:44:40
17,HR 6164,2019-01-14 01:09:35
18,HR 6164,2019-01-14 01:11:53
19,HR 5413,2019-01-14 01:27:01
20,SHAPLEY 1,2019-01-14 01:43:24
21,TRAIKAAE CH-Y C10,2019-01-14 01:55:42
22,FINE RING SECTOR JH-V C2-4,2019-01-14 02:03:10
23,HR 6164,2019-01-14 02:23:14
24,HR 6164,2019-01-14 02:25:55
25,HR 6164,2019-01-14 02:33:38
26,HR 6164,2019-01-14 02:40:54
27,HR 6164,2019-01-14 02:46:29
28,HR 6164,2019-01-14 02:56:31
29,HR 6164,2019-01-14 03:04:56
30,HR 6164,2019-01-14 03:10:50
31,HR 6164,2019-01-14 03:10:54
32,HR 6164,2019-01-14 03:28:46
33,HR 6164,2019-01-14 03:29:34
34,HR 6164,2019-01-14 03:31:56
35,HR 6164,2019-01-14 03:34:46
36,HR 6164,2019-01-14 03:38:14
37,HR 6164,2019-01-14 04:00:38
38,HR 6164,2019-01-14 04:32:20
39,HD 148937,2019-01-14 04:59:28
40,HR 6164,2019-01-14 05:17:35
41,HR 6164,2019-01-14 05:23:05
42,HR 6164,2019-01-14 05:24:15
43,HR 6164,2019-01-14 05:24:42
44,HR 6164,2019-01-14 05:50:52
45,HR 6164,2019-01-14 06:28:49
46,BLU THUA ZF-F D11-27,2019-01-14 08:09:02
47,HR 6164,2019-01-14 13:25:14
48,HR 6164,2019-01-14 14:17:01
49,PRAEA EUQ AC-K C22-2,2019-01-14 14:25:19
50,HR 6164,2019-01-14 15:36:13
51,HR 6164,2019-01-14 15:39:14
52,HR 6164,2019-01-14 15:41:06
53,HR 6164,2019-01-14 15:42:04
54,PALLAENI,2019-01-14 16:29:18
55,HR 6164,2019-01-14 16:29:57
56,HR 6164,2019-01-14 17:28:29
57,BLU THUA GI-B B55-2,2019-01-14 17:38:12
58,HR 6164,2019-01-14 17:40:49
59,HR 6164,2019-01-14 18:02:12
60,HR 6164,2019-01-14 18:46:48
61,BLEAE THUA EY-L C177,2019-01-14 20:10:10
62,BLEAE THUA MB-P B19-8,2019-01-14 20:31:11
63,TRAIKAAE KT-P D6-10,2019-01-14 20:41:05
64,TRAIKAAE KT-P D6-10,2019-01-14 20:43:24
65,HR 5413,2019-01-14 22:11:29
66,BLU THUA RQ-R B32-3,2019-01-14 22:31:53
67,BLU THUA NI-K D8-37,2019-01-14 23:08:56
68,HR 6164,2019-01-14 23:18:23
69,BLU THUA CH-D C12-12,2019-01-14 23:48:52
70,TRAIKAAE CH-Y C10,2019-01-15 00:01:23
71,BLEIA EOHN BC-I A64-2,2019-01-15 00:26:26
72,HR 6164,2019-01-15 01:00:41
73,FINE RING SECTOR NN-T C3-4,2019-01-15 01:33:17
74,BLU THUA SR-Z C27-12,2019-01-15 03:04:47
75,HR 6164,2019-01-15 04:34:26
76,NGC 6567 SECTOR HM-U B3-3,2019-01-15 05:23:02
77,BLU THUA GI-B B55-2,2019-01-15 07:28:59
78,HR 6164,2019-01-15 07:38:14
79,TRAIKAAE CH-Y C10,2019-01-15 07:41:46
80,HR 6164,2019-01-15 07:43:57
81,HR 6164,2019-01-15 08:37:49
82,HR 6164,2019-01-15 08:39:03
83,HR 6164,2019-01-15 11:27:23
84,USHOWLS RI-B D13-0,2019-01-15 11:38:56
85,HR 6164,2019-01-15 12:32:39
86,BLU THUA GI-B B55-2,2019-01-15 12:59:16
87,HR 6164,2019-01-15 13:49:02
88,TRAIKAAE CH-Y C10,2019-01-15 16:18:57
89,FINE RING SECTOR JH-V C2-4,2019-01-15 17:02:56
90,TRAIKAAE CH-Y C10,2019-01-15 17:22:34
91,PRAEA EUQ KY-Q C18-3,2019-01-15 17:52:10
92,TRAIKAAE CH-Y C10,2019-01-15 18:03:56
93,SMOJAI AF-A D12,2019-01-15 19:39:00
94,THOR'S EYE,2019-01-15 19:55:41
95,V1761 SAGITTARII,2019-01-15 20:05:55
96,HR 6164,2019-01-15 20:12:30
97,HR 6164,2019-01-15 20:39:23
98,THOR'S EYE,2019-01-15 20:40:17
99,HR 6164,2019-01-15 21:07:30
100,SKAUDUAE IS-Y B1B-2,2019-01-15 22:04:11
101,PRAEA EUQ QA-D C26-3,2019-01-15 23:26:57
102,HR 6164,2019-01-15 23:40:41
103,BLU THUA GI-B B55-2,2019-01-16 00:30:37
104,LAGOON SECTOR TU-O B6-11,2019-01-16 01:11:27
105,HR 6164,2019-01-16 01:28:34
106,NGC 6530 SECTOR CL-X C1-2,2019-01-16 02:03:25
107,BLEIA EOHN BC-S D5-23,2019-01-16 04:18:04
108,HR 6164,2019-01-16 05:22:30
109,TRAIKAAE CH-Y C10,2019-01-16 05:31:57
110,TRAIKAAE VT-Z C13-8,2019-01-16 07:46:13
111,TRAIKAAE CH-Y C10,2019-01-16 16:16:51
112,BLU THUA GI-B B55-2,2019-01-16 18:58:55
113,TRAIKAAE CH-Y C10,2019-01-16 19:21:25
114,TRAIKAAE CH-Y C10,2019-01-16 20:24:10
115,OMEGA SECTOR KC-V C2-42,2019-01-16 21:28:56
116,HR 6164,2019-01-16 22:46:57
117,OMEGA SECTOR VE-Q B5-15,2019-01-16 23:48:21
118,THOR'S EYE,2019-01-17 00:05:08
119,TRIFID SECTOR DL-Y D157,2019-01-17 00:52:39
120,HR 6164,2019-01-17 08:43:21
121,SMOJUE EZ-Q C18-7,2019-01-17 18:43:17
122,PRAEA EUQ T-H D10-1,2019-01-17 20:08:59
123,TRAIKAAE DK-H C 10-18,2019-01-17 22:49:52
124,OMEGA SECTOR VE-Q B5-15,2019-01-18 00:52:45
125,OMEGA SECTOR VE-Q B5-15,2019-01-18 00:55:08
126,SMOJUE CK-I D9-2,2019-01-18 02:46:37
127,HR 6164,2019-01-18 02:59:53
128,PRAEA EUQ YM-Z C27-19,2019-01-18 11:07:07
129,TRAIKAAE CH-Y C10,2019-01-18 18:36:38
130,OMEGA SECTOR VE-Q B5-15,2019-01-18 19:53:56
131,PROOE DRYE PI-O B25-3,2019-01-19 03:41:09
132,OMEGA SECTOR VE-Q B5-15,2019-01-19 06:47:55
133,OMEGA SECTOR VE-Q B5-15,2019-01-19 23:40:36
134,HR 6164,2019-01-20 00:21:01
135,OMEGA SECTOR LC-V C2-26,2019-01-20 19:54:34
136,HR 6164,2019-01-20 22:25:15
137,OMEGA SECTOR VE-Q B5-15,2019-01-21 00:04:28
138,OMEGA SECTOR JX-T B3-16,2019-01-21 04:18:09
139,OMEGA SECTOR VE-Q B5-15,2019-01-21 07:22:10
140,PW2010 210,2019-01-21 23:26:16
141,OMEGA SECTOR JX-T B3-16,2019-01-21 23:33:58
142,OMEGA SECTOR VE-Q B5-15,2019-01-22 00:10:19
143,SMOJAI EC-D B12-5,2019-01-22 05:13:56
144,OMEGA SECTOR JX-T B3-16,2019-01-22 15:09:03
145,HYPIO PRAO SC-W B47-11,2019-01-23 02:03:54
146,EIDAILLS YS-G B41-3,2019-01-23 04:45:18
147,OMEGA SECTOR VE-Q B5-15,2019-01-23 17:59:58
148,TRIFID SECTOR HR-W D1-256,2019-01-25 00:12:16
149,BLEIA DRYIAE OK-C D14-119,2019-01-25 03:36:03
150,YAIKOU MQ-B D14-2,2019-01-25 05:24:37
151,M21 SECTOR JH-V D2-46,2019-01-25 10:33:46
152,SKAUDAI DC-B D14-65,2019-01-26 02:57:52
153,OMEGA SECTOR VE-Q B5-15,2019-01-26 09:51:05
154,OMEGA SECTOR EL-Y D158 ,2019-01-26 11:42:14
155,OMEGA SECTOR VE-Q B5-15,2019-01-26 18:07:24
156,HR 6164,2019-01-27 07:23:09
157,PYRAMOE PM-X B33-6,2019-01-27 21:55:51
158,PYRAMOE PM-X B33-6,2019-01-27 22:13:51
159,PYRAMOE PM-X B33-6,2019-01-27 23:53:35
160,OMEGA SECTOR PY-R B4-1,2019-01-28 00:40:49
161,FLYIEDGIAE ND-R D5-13,2019-01-28 02:01:24
162,PYRAMOE PM-X B33-6,2019-01-28 02:16:09
163,EAGLE SECTOR GW-W C1-38,2019-01-28 02:27:24
164,PYRAMOE PM-X B33-6,2019-01-28 03:40:41
165,PRU AESCS NC-M D7-192,2019-01-28 05:19:27
166,PYRAMOE IR-U B48-4,2019-01-28 15:49:52
167,PYRAMOE PM-X B33-6,2019-01-28 20:14:03
168,CD-23 14350,2019-01-28 20:35:50
169,NYEAJEAU ML-X C1-2,2019-01-28 21:08:22
170,PYRAMOE PM-X B33-6,2019-01-29 00:26:41
171,PRU AESCS NC-M D7-192,2019-01-29 02:51:26
172,PRU AESCS TY-J A64-1,2019-01-29 17:39:30
173,PYRAMOE NY-P D6-105,2019-01-29 21:37:51
174,PRU AESCS NC-M D7-192,2019-01-30 05:00:19
175,PRU AESCS NC-M D7-192,2019-01-30 05:04:15
176,PRU AESCS NC-M D7-192,2019-01-30 05:17:49
177,PRU AESCS TY-J A64-1,2019-01-30 06:08:08
178,PRU AESCS NC-M D7-192,2019-01-30 06:25:52
179,PRU AESCS NC-M D7-192,2019-01-30 07:50:44
180,PLAA AESCS ZD-S B4-5,2019-01-30 13:33:47
181,PRU AESCS NC-M D7-192,2019-01-30 17:11:36
182,PRU AESCS NC-M D7-192,2019-01-30 20:01:42
183,PRIELAEI UC-Y B29-8,2019-01-30 20:36:33
184,PRU AESCS NC-M D7-192,2019-01-30 21:30:20
185,PRU AESCS HW-S B3 1-2 ,2019-01-30 21:43:14
186,PRU AESCS NC-M D7-192,2019-01-30 22:33:01
187,FLYIEDGIAE QN-T D3-17,2019-01-30 23:04:38
188,ELLAIDST AA-A H9,2019-01-31 02:00:42
189,PRU AESCS NC-M D7-192,2019-01-31 02:14:21
190,PRU AESCS NC-M D7-192,2019-01-31 03:01:54
191,PRU AESCS NC-M D7-192,2019-01-31 03:36:41
192,PRU AESCS NC-M D7-192,2019-01-31 04:04:41
193,PRU AESCS NC-M D7-192,2019-01-31 05:44:50
194,PRU AESCS NC-M D7-192,2019-01-31 12:50:29
195,PRU AESCS NC-M D7-192,2019-01-31 16:06:42
196,PRU AESCS NC-M D7-192,2019-01-31 16:55:28
197,PRU AESCS NC-M D7-192,2019-01-31 17:23:48
198,SKAUDE AV-W D2-268,2019-01-31 17:47:21
199,PRU AESCS NC-M D7-192,2019-01-31 17:47:57
200,PRU AESCS NC-M D7-192,2019-01-31 18:30:22
201,PRU AESCS NC-M D7-192,2019-01-31 20:19:33
202,PRU AESCS MC-R B32-16,2019-01-31 22:58:13
203,PLAA AESCS AZ-S C3-21,2019-01-31 23:02:12
204,PRU AESCS NC-M D7-192,2019-01-31 23:21:17
205,PRU AESCS NC-M D7-192,2019-02-01 00:15:38
206,PRU AESCS NC-M D7-192,2019-02-01 01:55:29
207,PRU AESCS NC-M D7-192,2019-02-01 04:42:09
208,PRU AESCS NC-M D7-192,2019-02-01 09:14:57
209,PRU AESCS NC-M D7-192,2019-02-01 09:29:09
210,PRU AESCS NC-M D7-192,2019-02-01 11:05:09
211,PRU AESCS NC-M D7-192,2019-02-01 13:12:44
212,PRU AESCS NC-M D7-192,2019-02-01 15:35:26
213,PRU AESCS NC-M D7-192 ,2019-02-01 20:51:39
214,PRU AESCS NC-M D7-192,2019-02-01 20:53:19
215,PRU AESCS NC-M D7-192,2019-02-01 20:55:41
216,FLYIEDGIAE BU-L C22-10,2019-02-01 21:34:28
217,PRU AESCS MC-R B32-16,2019-02-01 22:00:57
218,PRU AESCS NC-M D7-192,2019-02-01 22:06:07
219,PRU AESCS UY-S E3-8,2019-02-01 23:10:51
220,PRU AESCS NC-M D7-192,2019-02-01 23:39:31
221,PRU AESCS JW-N D6-130,2019-02-01 23:45:13
222,PRU AESCS NC-M D7-192,2019-02-02 00:53:37
223,PRU AESCS NC-M D7-192,2019-02-02 01:30:16
224,PRU AESCS JW-N D6-130,2019-02-02 01:43:02
225,PRU AESCS NC-M D7-192,2019-02-02 02:03:14
226,PRU AESCS NC-M D7-192,2019-02-02 03:08:19
227,PRU AESCS NC-M D7-192,2019-02-02 05:49:02
228,PRU AESCS HW-S B31-2,2019-02-02 11:21:04
229, PRU AESCS NC-M D7-192,2019-02-02 16:14:01
230,PRU AESCS NC-M D7-192,2019-02-02 19:43:24
231,PRU AESCS NC-M D7-192,2019-02-02 21:17:59
232,PRU AESCS NC-M D7-192,2019-02-02 22:25:20
233,PRU AESCS NC-M D7-192,2019-02-02 23:09:43
234,PRU AESCS NC-M D7-192,2019-02-02 23:22:23
235,PRU AESCS NC-M D7-192,2019-02-02 23:24:46
236,PRU AESCS NC-M D7-192,2019-02-02 23:26:10
237,PRU AESCS NC-M D7-192,2019-02-02 23:34:27
238,PRU AESCS NC-M D7-192,2019-02-03 00:01:40
239,FLYIEDGIAE DL-Y G8,2019-02-03 00:07:16
240,PRU AESCS NC-M D7-192,2019-02-03 00:14:03
241,PRU AESCS NC-M D7-192,2019-02-03 00:25:00
242,FLYIEDGIAE AR-K D9-13,2019-02-03 02:33:50
243,PRU AESCE ND-M D7-192,2019-02-03 03:31:00
244,PRU AESCS NC-M D7-192,2019-02-03 04:07:09
245,PRU AESCS NC-M D7-192,2019-02-03 04:14:07
246,PRU AESCS HR-U C16-36,2019-02-03 04:38:36
247,PRU AESCS QM-W D1-0,2019-02-03 05:53:50
248,PRU AESCS NC-M D7-192,2019-02-03 07:42:43
249,PRUE AESCS NC-M D7-192 ,2019-02-03 09:29:21
250,PRU AESCS NC-M D7-192,2019-02-03 10:35:35
251,PRU AESCS NC-M D7-192,2019-02-03 12:02:56
252,PRU AESCS NC-M D7-192,2019-02-03 12:45:54
253,PRU AESCS NC-M D7-192,2019-02-03 13:26:14
254,PRU AESCS NC-M D7-192,2019-02-03 14:12:23
255,PRU AESCS NC-M D7-192,2019-02-03 15:39:08
256,PRU AESCS NC-M D7-192,2019-02-03 16:00:30
257,PRU AESCS NC-M D7-192,2019-02-03 17:21:07
258,PRU AESCS NC-M D7-192,2019-02-03 17:26:16
259,PRU AESCS NC-M D7-192,2019-02-03 17:36:05
260,PRU AESCS NC-M D7-192,2019-02-03 18:41:18
261,PRU ASCS NC-M D7-192,2019-02-03 19:08:17
262,PRU AESCS WT-Y C14-23,2019-02-03 19:20:43
263,PRU AESCS LC-R B32-6,2019-02-03 20:14:47
264,PRU AESCS NC-M D7-192,2019-02-03 20:20:01
265,PRU AESCS NC-M D7-192,2019-02-03 21:08:31
266,PRU AESCS NC-M D7-192,2019-02-03 22:19:47
267,PRU AESCS NC-M D7-192,2019-02-03 22:25:36
268,SKAUDE AL-X E1-28,2019-02-03 23:09:27
269,FLYIEDGIAE ZF-Q B24-3,2019-02-04 00:33:06
270,PRU AESCS NC-M D7-192,2019-02-04 01:56:08
271,CLOOKU EW-Y C3-197,2019-02-04 04:36:05
272,PRU AESCS NC-M D7-192,2019-02-04 05:44:56
273,PRU AESCS RD-K D8-198,2019-02-04 07:07:57
274,PRU AESCS RD-K D8-198,2019-02-04 07:26:49
275,SKAUDE AA-A H294,2019-02-04 21:01:22
276,SKAUDE AL-X E1-28,2019-02-04 22:45:57
277,SKAUDE ZA-V D3-53,2019-02-04 22:47:21
278,FLYIEDGAI QI-D C27-11,2019-02-05 20:20:01
279,SKAUDE AA-A H294,2019-02-05 20:42:17
280,CLOOKU EW-Y C3-197,2019-02-05 23:22:44
281,SKAUDE AA-A H294,2019-02-06 01:06:47
282,CLOOKU EW-Y C3-197,2019-02-06 08:31:48
283,CLOOKU EW-Y C3-197,2019-02-06 13:13:37
284,SKAUDAI AM-B D14-138,2019-02-06 16:24:12
285,SKAUDE AA-A H294,2019-02-06 17:20:40
286,SKAUDE AA-A H294,2019-02-06 17:52:02
287,SKAUDAI AM-B D14-138,2019-02-06 19:10:10
288,CLOOKU EW-Y C3-197,2019-02-06 19:17:16
289,CLOOKU EW-Y C3-197,2019-02-06 19:33:48
290,FLYIEDGIAE  RW-K B41-1,2019-02-06 20:11:35
291,CLOOKU EW-Y C3-197,2019-02-06 23:14:09
292,SKAUDE ZA-V D3-53,2019-02-06 23:36:07
293,STUELOU AT-J C25-141,2019-02-07 00:15:36
294,CLOOKU EW-Y C3-197,2019-02-07 02:21:36
295,PRU AESCS VR-X B42-18,2019-02-07 17:41:16
296,CLOOKU EW-Y C3-197,2019-02-07 21:27:26
297,CLOOKU WJ-C C2-285,2019-02-07 22:18:48
298,SKAUDE AA-A H294,2019-02-07 22:41:58
299,SKAUDE AA-A H294,2019-02-07 23:39:51
300,CLOOKU SI-B E544,2019-02-08 01:48:43
301,CLOOKU EW-Y C3-197,2019-02-08 14:07:26
302,SKAUDAI AM-B D14-138,2019-02-08 16:02:31
303,CLOOKU EW-Y C3-197,2019-02-08 16:43:31
304,SKAUDAI CH-B D14-107,2019-02-08 17:58:25
305,CLOOKU EW-Y C3-197,2019-02-08 18:24:56
306,CLOOKU SI-B E544,2019-02-08 21:01:50
307,CLOOKU EW-Y C3-197,2019-02-08 21:46:47
308,CLOOKU EW-Y C3-197,2019-02-08 23:16:26
309,CLOOKU EW-Y C3-197,2019-02-09 00:57:44
310,SLAIYOOE MC-D D12-0,2019-02-09 01:20:31
311,PRU AESCS NC-M D7-192,2019-02-09 01:37:22
312,CLOOKU EW-Y C3-197,2019-02-09 02:59:23
313,CLOOKU EW-Y C3-197,2019-02-09 04:58:15
314,CLOOKU WO-Z E1264,2019-02-09 06:02:10
315,CLOOKU EW-Y C3-197,2019-02-09 06:50:56
316,CLOOKU EW-Y C3-197,2019-02-09 07:55:42
317,CLOOKU EW-Y C3-197,2019-02-09 11:48:26
318,CLOOKU EW-Y C3-197,2019-02-09 13:39:48
319,CLOOKU PI-Z D1-249,2019-02-09 13:42:58
320,CLOOKU EW-Y C3-197,2019-02-09 13:48:58
321,PRU AESCS NC-M D7-192,2019-02-09 15:19:55
322,CLOOKU EW-Y C3-197,2019-02-09 16:08:02
323,FLYIEDGIAE  WA-U D4-145,2019-02-09 16:13:39
324,CLOOKU EW-Y C3-197,2019-02-09 16:44:17
325,CLOOKU EW-Y C3-197,2019-02-09 18:01:14
326,SKAUDAI AM-B D14-138,2019-02-09 18:56:46
327,CLOOKU EW-Y C3-197,2019-02-09 20:11:43
328,GLOOKU KM-T D4-0,2019-02-09 20:16:15
329,CLOOKU EW-Y C3-197,2019-02-09 20:17:30
330,CLOOKU EW-Y C3-197,2019-02-09 20:35:13
331,CLOOKU EW-Y C3-197,2019-02-09 22:01:22
332,CLOOKU EW-Y C3-197,2019-02-09 23:24:49
333,CLOOKU EW-Y C3-197,2019-02-10 00:03:34
334,CLOOKU EW-Y C3-197,2019-02-10 08:26:13
335,CLOOKU EW-Y C3-197,2019-02-10 09:02:04
336,CLOOKU EW-Y C3-197,2019-02-10 09:03:45
337,CLOOKU EW-Y C3-197,2019-02-10 09:34:23
338,CLOOKU EW-Y C3-197,2019-02-10 11:02:42
339,PRUA PHOE PE-E D13-997,2019-02-10 15:46:54
340,CLOOKU EW-Y C3-197,2019-02-10 16:01:15
341,CLOOKU EW-Y C3-197,2019-02-10 16:41:28
342,CLOOKU EW-Y C3-197,2019-02-10 18:21:22
343,NUEKUAE BO-B C16-83,2019-02-10 21:16:06
344,GRU HYPUE KS-T D3-31,2019-02-10 22:12:28
345,SKAUDAI AM-B D14-138,2019-02-11 03:20:49
346,GANDHARVI,2019-02-11 10:12:36
347,PRU AESCS OX-L D7-357,2019-02-11 21:29:17
348,EEPHAIM PW-N C9-1717,2019-02-12 04:28:16
349,EEPHAIM PW-N C9-1717,2019-02-12 04:31:07
350,NUEKUAE DD-P B36-10,2019-02-12 05:50:17
351,EEPHAIM TA-U D4-4596,2019-02-12 06:11:34
352,BLAA PHOE NC-D D12-230,2019-02-12 19:43:32
353,FLOALT QI-L C23-15,2019-02-12 21:19:34
354,CLOOKU EW-Y C3-197,2019-02-13 03:54:11
355,GREAE EOQ EY-Z D13-5,2019-02-13 10:30:18
356,BYAA AIN WQ-I B15-16,2019-02-13 18:49:06
357,BOEWNST VB-J D10-1020,2019-02-13 18:55:21
358,CLOOKU AB-R C20-24,2019-02-13 20:28:09
359,BYAA AIN QA-J C11-144,2019-02-13 21:37:53
360,BOEWNST KS-S C20-959,2019-02-13 22:53:09
361,BYAA AIN QA-J C11-144,2019-02-14 00:43:44
362,EOCH FLYI ON-B D872,2019-02-15 17:39:04
363,BOEWNST MN-S C20-876,2019-02-16 06:01:20
364,BOEWNST KS-S C20-1192,2019-02-16 17:48:47
365,BOEWNST KS-S C20-1192,2019-02-16 21:24:45
366,BOEWNST KS-S C20-1192,2019-02-16 21:43:46
367,NUEKUAE AA-A H52,2019-02-16 21:56:18
368,SYREADIAE JX-F C0,2019-02-17 06:11:50
369,BOEWNST KS-S C20-959,2019-02-17 18:37:28
370,BOEWNST VK-L B41-21,2019-02-17 18:44:20
371,UNKNOWN,2019-02-17 22:21:55
372,EOS FREE DD-Q D6-2282,2019-02-18 02:46:41
373,DRYAU AUSMS KG-Y E3390,2019-02-18 05:16:43
374,DRYAU AUSMS KG-Y E3390,2019-02-18 17:55:15
375,CLOOKU PI-Q D6-1626,2019-02-18 21:32:21
376,DRYAU AUSMS KG-Y E3390,2019-02-19 00:16:34
377,DRYAU AUSMS KG-Y E3390,2019-02-19 04:16:55
378,DRYOEA FLYI II-S E4-6870,2019-02-19 16:10:59
379,LEAMIAE EF-A D2448,2019-02-19 19:41:36
380,LEAMIAE LS-T E3-3317,2019-02-19 19:52:58
381,DRYOEA FLYI II-S E4-6870,2019-02-19 21:38:57
382,EOR AOWSY LX-U E2-5375,2019-02-19 22:50:56
383,DRYAU AUSMS KG-Y E3390,2019-02-19 23:20:31
384,SCHIENO LN-A D14-170,2019-02-20 00:21:25
385,DRYAU AUSMS KG-Y E3390,2019-02-20 06:00:41
386,MYLAIFA AA-A H786,2019-02-20 07:55:34
387,MYLAIFA AA-A H786,2019-02-20 07:55:37
388,DRYAU AUSMS KG-Y E3390,2019-02-20 16:50:27
389,DRYAU AUSMS KG-Y E3390,2019-02-20 18:28:46
390,DRYAU AUSMS ZB-O C6-36,2019-02-20 20:24:15
391,DRYAO AOSCS FW-W E1-5865,2019-02-20 22:57:55
392,EGNAIWN EI-B D13-3835,2019-02-21 00:05:46
393,DRYAU AUSMS KG-Y E3390,2019-02-21 00:17:35
394,DRYAO AOSCS FW-W E1-5865,2019-02-21 02:02:21
395,DRYAU AUSMS KG-Y E3390,2019-02-21 03:06:37
396,DRYAU AUSMS KG-Y E3390,2019-02-21 03:09:28
397,DRYAU AUSMS KG-Y E3390,2019-02-21 05:17:37
398,DRYAU AUSMS KG-Y E3390,2019-02-21 16:11:49
399,MYRIESLY JU-Q C5-3106,2019-02-21 16:48:45
400,DRYAU AUSMS KG-Y E3390,2019-02-21 17:52:29
401,DRYAU AUSMS ZD-C B13-2,2019-02-21 18:12:36
402,DRYAU AUSMS KG-Y E3390,2019-02-21 19:15:52
403,MYLAIFA ZU-P D5-2101,2019-02-21 19:29:54
404,DRYAU AUSMS KG-Y E3390,2019-02-21 21:07:41
405,EOK PRUAE UF-Q C21-226,2019-02-21 22:17:44
406,STUEMEAE FG-Y D7561,2019-02-21 22:25:49
407,DRYAU AUSMS KG-Y E3390,2019-02-22 00:03:12
408,STUEMMEAE FG-Y D5761,2019-02-22 02:26:19
409,DRYAU AUSMS ZB-0 C6-4,2019-02-22 04:51:43
410,DRYAU AUSMS KG-Y E3390,2019-02-22 08:36:48
411,PRU AESCS NC-M D7-192,2019-02-22 14:16:46
412,DRYAO AOSCS FW-W E1-5865,2019-02-22 15:09:29
413,DRYAU AUSMS KG-Y E3390,2019-02-22 16:56:14
414,DRYAU AUSMS KG-Y E3390,2019-02-22 20:55:02
415,DRYAU AUSMS KG-Y E3390,2019-02-22 22:12:29
416,DRYAU AUSMS KG-Y E3390,2019-02-22 22:33:22
417,DRYAU AUSMS KG-Y E3390,2019-02-23 00:59:10
418,DRYAU AUSMS KG-Y E3390,2019-02-23 02:28:46
419,DRYAU AUSMS KG-Y E3390,2019-02-23 04:11:40
420,DRYAU AUSMS KG-Y E3390,2019-02-23 05:25:21
421,DRYAU AUSMS KG-Y E3390,2019-02-23 05:31:15
422,DRYAU AUSMS KG-Y E3390,2019-02-23 12:13:08
423,JUENEAU IY-Y  D1-10022,2019-02-23 12:36:02
424,DUMBAE MF-U C17-196,2019-02-23 16:27:24
425,DRYAU AUSMS KG-Y E3390,2019-02-23 16:38:50
426,DRYAU AUSMS KG-Y E3390,2019-02-23 17:55:10
427,DRYAU AUSMS KG-Y E3390,2019-02-23 19:18:23
428,DRYAU AUSM KG-Y E3390,2019-02-23 23:11:06
429,DRYAU AUSMS KG-Y E3390,2019-02-23 23:43:33
430,BOEWNST LS-S C20-109,2019-02-24 00:41:23
431,STUEMEAE FG-Y D7564,2019-02-24 01:16:19
432,DRYAU AUSMS KG-Y E3390,2019-02-24 01:50:47
433,DRYAU AUSMS KG-Y E3390,2019-02-24 04:01:11
434,STUEMEAE FG-Y D7561,2019-02-24 05:03:56
435,ZUNUAE EG-W D2-1419,2019-02-24 06:24:04
436,STUEMEAE FG-Y D7561,2019-02-24 13:39:42
437,EOS FREE GB-W C18-47,2019-02-24 15:00:52
438,DRYAU AUSMS KG-Y E3390,2019-02-24 15:38:29
439,DRYAU AUSMS KG-Y E3390,2019-02-24 15:39:00
440,DRYAU AUSMS KG-Y E3390,2019-02-24 15:39:58
441,DRYAU AUSMS KG-Y E3390,2019-02-24 16:33:57
442,STUEMEAE FG-Y D7561,2019-02-24 18:45:33
443,DRYAU AUSMS XX-U D2-656,2019-02-24 18:50:34
444,DRYAU AUSMS KG-Y E3390,2019-02-24 19:25:15
445,STUEMEAE KM-W C1-342,2019-02-24 19:49:33
446,DRYAU AUSMS KG-Y E3390,2019-02-24 21:07:20
447,STUEMEAE KM-W C1-342,2019-02-24 22:03:36
448,AUNAIR MM-Z C27-86,2019-02-24 22:04:50
449,DRYAU AUSMS KG-Y E3390,2019-02-24 22:37:21
450,STUEMEAE KM-W C1-342,2019-02-24 23:39:27
451,STUEMEAE KM-W C1-342,2019-02-24 23:41:56
452,STUEMEAE KM-W C1-342,2019-02-25 00:14:25
453,STUEMEAE FG-Y D7561,2019-02-25 02:52:30
454,STUEMEAE KM-W C1-342,2019-02-25 09:40:08
455,STUEMEAE FG-Y D7561,2019-02-25 14:23:55
456,SCREAKAO ER-T D4-2576,2019-02-25 20:52:30
457,ATHAIP SS-W A97-1,2019-02-25 21:59:53
458,STUEMEAE FG-Y D7561,2019-02-26 01:22:52
459,STUEMEAE KM-W C1-342,2019-02-26 01:23:37
460,STUEMEAE KM-W C1-342,2019-02-26 01:36:06
461,STUEMEAE KM-W C1-342,2019-02-26 01:50:20
462,STUEMEAE KM-W C1-342,2019-02-26 02:11:53
463,SHROGEA MH-V E2-1763,2019-02-26 03:10:19
464,STUEMEAE KM-W C1-342,2019-02-26 03:41:54
465,STUEMEAE FG-Y D7561,2019-02-26 04:10:02
466,STUEMEAE KM-W C1-342,2019-02-26 07:08:23
467,STUEMEAE KM-W C1-342,2019-02-26 17:53:43
468,HYPOE FLYI HX-T E3-295,2019-02-26 19:14:20
469,MYRIESLY RY-S E3-5414,2019-02-26 22:47:31
470,STUEMEAE FG-Y D7561,2019-02-27 03:09:27
471,STUEMEAE KM-W C1-342,2019-02-27 04:55:32
472,STUEMEAE KM-W C1-342,2019-02-27 10:32:35
473,STUEMEAE KM-W C1-342,2019-02-27 10:42:13
474,STUEMEAE FG-Y D7561,2019-02-27 11:52:13
475,STUEMEAE FG-Y D7561,2019-02-27 19:40:54
476,STUEMEAE FG-Y D7561,2019-02-27 20:13:57
477,STUEMEAE FG-Y D7561,2019-02-28 00:49:57
478,STUEMEAE FG-Y D7561,2019-02-28 01:40:16
479,STUEMEAE FG-Y D756,2019-02-28 05:12:47
480,BLAA PHOE OY-Y D1-772,2019-02-28 05:55:27
481,STUEMEAE KM-W C1-342,2019-02-28 06:34:42
482,SCREAKAO IH-S D5-665,2019-02-28 10:26:57
483,STUEMEAE KM-W C1-342,2019-03-01 00:52:19
484,STUEMEAE KM-W C1-342,2019-03-01 02:11:34
485,STUEMEAE KM-W C1-342,2019-03-01 02:16:53
486,SHROGAEI ER-U D3-4597,2019-03-01 07:09:36
487,EOS FREE UY-Q C21-91,2019-03-01 17:33:15
488,ZUNOU JC-V F2-1578,2019-03-02 00:27:07
489,STUEMEAE FG-Y D7561 ,2019-03-02 01:18:14
490,STUEMEAE FG-Y D7561,2019-03-02 01:32:14
491,STUEMEAE KM-W C1-342,2019-03-02 19:05:41
492,STUEMEAE FG-Y D7561,2019-03-03 00:54:53
493,STUEMEAE KM-W C1-342,2019-03-03 11:05:42
494,MYRIESLY RY-S E3-5414,2019-03-03 20:47:17
495,STUEMEAE FG-Y D7561,2019-03-06 04:25:11
496,STUEMEAE FG-Y D7561,2019-03-07 02:51:14
497,STUEMEAE FG-Y D7561,2019-03-07 08:35:39
498,STUEMEAE KM-W C1-342,2019-03-07 21:52:04
499,JUENAE AJ-C C2-1813,2019-03-08 05:53:45
500,JUENAE AJ-C C2-1813,2019-03-08 07:25:38
501,JUENAE AJ-C C2-1813,2019-03-08 18:21:54
502,STUEMEAE FG-Y D7561,2019-03-09 04:46:51
503,JUENAE AJ-C C2-1813,2019-03-09 08:00:33
504,STUEMEAE FG-Y D7561,2019-03-09 13:15:53
505,HYPUAE EUQ SY-S D3-0,2019-03-09 13:49:10
506,STUEMEAE KM-W C1-1788,2019-03-09 23:57:01
507,STUEMEAE FG-Y D7561,2019-03-10 04:01:46
508,JUENAE AJ-C C2-1813 ,2019-03-10 14:52:49
509,SYROOMAEI HT-Z D13-28,2019-03-10 20:38:55
510,JUENAE AJ-C C2-1813,2019-03-10 21:19:45
511,SYROOMAEI HT-Z D13-28,2019-03-10 21:41:56
512,JUENAE BC-B D1-8970 A 8,2019-03-11 00:19:30
513,STUEMEAE KM-W D1-4568,2019-03-12 02:27:41
514,JUENAE AJ-C C2-1813,2019-03-12 05:42:33
515,JUENAE AJ-C C2-1813,2019-03-13 21:16:17
516,JUENAE AJ-C C2-1813,2019-03-14 00:45:57
517,JUENAE AH-C C2-1813,2019-03-14 00:47:21
518,JUENAE AJ-C C2-1813,2019-03-14 01:55:29
519,PHROI PRI ZU-X E1-6161,2019-03-16 05:17:08
520,SAGITTARIUS A*,2019-03-17 19:20:37
521,SWOALS IL-Y EO ,2019-03-18 16:05:08
522,JUENAE MF-B C2-8085,2019-03-18 22:17:49
523,JUENAE OX-U E2-8852,2019-03-19 03:35:35
524,PHIPOEA WK-E D12-1374,2019-03-19 17:28:59
525,JUENAE OX-U E2-8852,2019-03-19 22:26:26
526,SWOALS IL-Y E0,2019-03-20 02:22:41
527,HYPIAE PHYLOI LR-C D22,2019-03-21 01:26:36
528,SWOALS IL-Y E0 B 1,2019-03-21 19:43:21
529,ROTHAEI BA-C C2-159,2019-03-21 21:00:22
530,GRTEAT ANNHILATOR,2019-03-21 21:24:31
531,ROTHAEI CA-E B4-0,2019-03-21 22:24:15
532,SWOALS IL-Y E0,2019-03-22 04:36:35
533,HYPIAE PHYLOI LR-C D22,2019-03-22 08:42:38
534,SWOALS IL-Y E0,2019-03-22 18:22:07
535,HYPIAE PHYLOI LR-C D22,2019-03-23 02:46:55
536,SWOALS IL-Y E0,2019-03-23 18:40:09
537,SWOALS IL-Y E0,2019-03-23 20:28:32
538,LYAISAE MT-T C3-2203,2019-03-23 22:53:10
539,SWOALS IL-Y E0,2019-03-24 04:44:56
540,HYPIAE PHYLOI LR-C D22,2019-03-24 05:44:21
541,SWOALS IL-Y E0,2019-03-24 05:51:48
542,HYPIAE PHYLOI LR-C D22,2019-03-24 14:09:25
543,SWOALS IL-Y E0,2019-03-24 14:42:55
544,HYPIAE PHYLOI LR-C D22,2019-03-24 14:46:00
545,HYPIAE PHYLOI LR-C D22,2019-03-24 15:52:28
546,SWOALS IL-Y E0,2019-03-24 15:58:29
547,HYPIAE PHYLOI LR-C D22,2019-03-24 17:58:15
548,SWOALS IL-Y E0,2019-03-24 18:20:23
549,SWOALS IL-Y E0,2019-03-24 19:05:04
550,SWOALS KG-Y E1,2019-03-24 21:29:55
551,LASOAE BF-A F810,2019-03-24 21:47:34
552,BRAISIO AW-N C22-1781,2019-03-24 22:16:55
553,SWOALS IL-Y E0,2019-03-24 23:09:58
554,HYPIAE PHYLOI LR-C D22,2019-03-25 18:13:14
555,DELPHI,2019-03-25 22:21:08
556,SWOALS IL-Y E0,2019-03-26 22:32:32
557,SWOALS IL-Y E0,2019-03-27 03:48:28
558,PHROI BLUAE QI-T E3-3454,2019-03-27 04:13:38
559,PHROI BLUAE QI-T E3-3454,2019-03-27 20:23:08
560,PHROI BLUAE QI-T E3-3454,2019-03-27 22:49:27
561,PHROI BLUAE QI-T E3-3454,2019-03-28 00:39:43
562,DRYIO BLI HD-Q D6-1475,2019-03-28 20:19:15
563,DRYIO BLI HD-Q D6-1475,2019-03-28 20:23:13
564,DRYIO BLI HD-Q D6-1475,2019-03-28 20:40:06
565,PHROI BLUAE QI-T E3-3454,2019-03-29 07:23:09
566,PHROI BLUAE QI-T E3-3454,2019-03-29 07:26:07
567,PHROI BLUAE QI-T E3-3454,2019-03-29 14:47:57
568,PHROI BLUAE QI-T E3-3454,2019-03-29 18:13:34
569,PHROI BLUAE QI-T E3-3454,2019-03-29 20:39:03
570,PHROI BLUAE QI-T E3-3454,2019-03-29 23:27:23
571,PHROI BLUAE QI-T E3-3454,2019-03-30 16:07:06
572,PHROI BLUAE IR-W F1-1530,2019-03-30 16:22:10
573,PHROI BLUAE IR-W F1-1530,2019-03-30 16:26:36
574,PHROI BLUAE QI-T E3-3454,2019-03-30 16:45:33
575,PHROI BLUAE IR-W F1-1530,2019-03-30 17:30:43
576,PHROI BLUAE IR-W F1-1530,2019-03-30 18:57:34
577,PHROI BLUAE QI-T E3-3454 ,2019-03-30 18:59:14
578,AEMOST EX-A D1-2346,2019-03-30 19:56:04
579,PHROI BLUAE IR-W F1-1530,2019-03-30 20:42:56
580,PHROI BLUAE IR-W F1-1530,2019-03-30 20:44:41
581,SWUENEIA YQ-U C19-7,2019-03-31 00:05:19
582,PHROI BLUAE QI-T E3-3454,2019-03-31 02:24:56
583,PHROI BLUAE QI-T E3-3454,2019-03-31 03:15:40
584,PHROI BLUAE QI-T E3-3454,2019-03-31 04:38:33
585,PHROI BLUAE  QI-T E3-3454,2019-03-31 11:26:30
586,PHROI BLUAE QI-T E3-3454,2019-03-31 12:38:30
587,PHROI BLUAE QI-T E3-3454,2019-03-31 13:17:25
588,PHROI BLUAE QI-T E3-3454,2019-03-31 13:19:09
589,PHROI BLUAE QI-T E3-3454,2019-03-31 13:27:39
590,PHROI BLUAE QI-T E3-3454,2019-03-31 13:53:18
591,PHROI BLUAE QI-T E3-3454,2019-03-31 15:49:16
592,PHROI BLUAE QI-T E3-3454,2019-03-31 16:04:04
593,PHROI BLUAE WK-O D6-1918,2019-03-31 17:40:51
594,PHROI BLUAE WK-O D6-1918,2019-03-31 17:42:35
595,PHROI BLUAE QI-T E3-3454,2019-03-31 18:54:41
596,PHROI BLUAE QI-T E3-3454,2019-03-31 18:55:22
597,PHROI BLUAE QI-T E3-3454,2019-03-31 20:38:22
598,PHROI BLUAE QI-T E3-3454,2019-03-31 21:02:29
599,HYPUAE BRIAE YQ-Z C28-339,2019-04-01 18:39:28
600,PHUA AUB BM-S C18-6222,2019-04-01 19:55:21
601,BLEETHUAE NI-B D674,2019-04-02 00:13:30
602,HYUQEAE MT-Q E5-4335,2019-04-02 03:32:26
603,HYUQEAE MT-Q E5-4335,2019-04-02 16:27:58
604,BLEETHUAE NI-B D674,2019-04-02 17:30:51
605,BLEETHUAENI-B D674,2019-04-02 21:47:36
606,BLEETHUAE NI-B D674,2019-04-03 00:04:02
607,JUENAE OX-U E2-8852,2019-04-03 07:14:17
608,BLEETHUAE NI-B D674,2019-04-03 07:58:28
609,BLEETHUAE NI-B D674,2019-04-03 16:27:33
610,BLEETHUAE NI-B D674,2019-04-03 16:36:24
611,BLEETHUAE NI-B D674,2019-04-04 03:56:53
612,DRYIQU WU-X E1-20,2019-04-04 04:53:28
613,DRYIQU WU-X E1-20,2019-04-04 04:54:59
614,BLEETHUAE NI-B D674,2019-04-04 17:39:38
615,BLEETHUAE NI-B D674,2019-04-04 17:40:32
616,BLEETHUAE NI-B D674,2019-04-04 21:59:29
617,VEGNOAE BK-R D4-1105,2019-04-04 22:18:44
618,BLEETHUAE NI-B D674,2019-04-05 06:50:10
619,BLEETHUAE NI-B D674,2019-04-05 12:34:22
620,BLEETHUAE MI-B D402,2019-04-05 14:32:22
621,BLEETHUAE NI-B D674,2019-04-05 22:00:16
622,BLEETHUAE MI-B D402,2019-04-06 12:55:16
623,BLEETHUAE NI-B D674,2019-04-06 18:48:16
624,BLEETHUAE NI-B D674,2019-04-06 21:14:55
625,BLEETHUAE NI-B D674 ,2019-04-07 04:15:14
626,BLEETHUAE NI-B D674,2019-04-07 12:26:14
627,BLEETHUAE NI-B D674,2019-04-07 17:33:27
628,HYPUAE BRIAE LM-U D3-3209,2019-04-07 18:32:45
629,BLEETHUAE NI-B D674,2019-04-07 18:42:51
630,BLEETHUAE NI-B D674,2019-04-07 18:43:29
631,BLEETHUAE NI-B D674,2019-04-07 19:13:09
632,BLEETHUAE NI-B D674,2019-04-07 21:13:07
633,BLEEETHUAE NI-B D674,2019-04-08 17:08:53
634,BLEETHUAE SW-H C11-101,2019-04-08 22:13:51
635,PRU AUB UD-T D3-81,2019-04-09 21:43:00
636,CYOAGAEA NR-I B56-4,2019-04-09 23:21:04
637,QOSOA MI-B E27,2019-04-10 05:22:54
638,PROOE FLYUAE RS-T D3-38,2019-04-10 19:59:24
639,PRU AUB DL-P E5-35,2019-04-10 21:48:36
640,CYOAGIA HC-T D4-9,2019-04-10 22:02:31
641,BLEETHUAE YM-F B41 ,2019-04-11 06:04:18
642,SWOALS IL-Y E0,2019-04-11 06:45:53
643,Bleethuae SJ-Z D841,2019-04-12 03:53:46
644,PRU AUB DL-P E5-35,2019-04-12 04:46:56
645,CYOAGAEA XM-L C24-3,2019-04-12 05:56:16
646,Smootoae Qy-S D3-202,2019-04-12 16:30:30
647,Pru Aub HW-E d11-234,2019-04-13 02:49:31
648,Pru aub hw-e d11-234,2019-04-13 02:49:46
649,Phipoea WK-E D12-1374,2019-04-13 02:56:02
650,LHS 340,2019-04-13 06:24:50
651,PRU AUB DL-P E5-35,2019-04-13 08:59:45
652,Smootoae QY-S D3-202,2019-04-14 12:01:23
653,Smootoae QY-S d3-202 (WP11),2019-04-14 15:00:56
654,HYPIAE PHYLOI yj-z e63,2019-04-14 20:49:45
655,Byua Aub WO-K b36-0,2019-04-15 04:05:34
656,Smootoae QY-S d3-202,2019-04-15 18:07:36
657,Lyaisua EC-A c2-845,2019-04-15 22:22:11
658,Smootoae QY-S d3-202,2019-04-15 23:26:38
659,PRU AUB DL-P E5-35,2019-04-16 00:34:35
660,Smootoae QY-S D3-202,2019-04-16 23:50:13
661,Smootoae qy-5 d3-203,2019-04-17 00:55:45
662,Smootoae QY-S d3-202 (Waypoint 11),2019-04-17 01:01:47
663,SMOOTOAE QY-S D3-202,2019-04-17 05:36:30
664,Smootoae mg-k c8-7,2019-04-17 16:09:34
665,Smootoae QY-S d3-202,2019-04-17 18:45:45
666,Smootoae qo-r d4-69,2019-04-17 21:21:04
667,Hyuqo EP-R c7-33,2019-04-17 22:28:41
668,BYUA AUB WO-K B36-0,2019-04-17 22:54:15
669,Smootoae qy-s d3-202,2019-04-17 23:49:45
670,SMOOTOAE QY-S D3-202,2019-04-18 02:25:31
671,Smootoae QY-S d3-202,2019-04-18 10:46:26
672,SMOOTOAE QY-S D3-202,2019-04-18 20:24:32
673,Smootoae os-u d2-9,2019-04-19 02:56:46
674,SMOOTOAE QY-S D3-202,2019-04-19 05:46:47
675,Wp11,2019-04-19 05:53:45
676,Smootoae QY-S d3-202,2019-04-19 22:31:16
677,SMOOTOAE QY-S D3-202,2019-04-20 00:43:32
678,waypoint 11 basecamp,2019-04-20 05:15:45
679,waypoint 11 basecamp ,2019-04-20 05:16:44
680,Smootoae QY-S d3-202,2019-04-20 08:58:55
681,Smootoae QY-S d3-202,2019-04-20 09:01:01
682,Smootoae QY-S d3-202,2019-04-20 13:11:53
683,Striechooe OF-T c5-0,2019-04-20 15:56:57
684,smootoae qy-s d3-202,2019-04-20 16:24:03
685,Smootoea QY-S D3-202,2019-04-20 19:32:36
686,Smootoae QY-S d3-202,2019-04-20 22:25:11
687,Smootoae QY-S d3-202,2019-04-21 06:51:25
688,Bleae Aub ED-A b14-1,2019-04-21 11:30:25
689,Smootoae QY-S d3-202,2019-04-21 16:18:13
690,Smootoae QY-S d3-202,2019-04-21 17:20:56
691,Smootoae QY-S D3-202,2019-04-21 18:23:22
692,Thuecheae WR-H d11-54,2019-04-21 21:17:19
693,Smootoae ld-k c8-1,2019-04-22 00:27:02
694,Smootoae md-k c8-7,2019-04-22 00:28:21
695,Smootoae ld-k c8-1,2019-04-22 00:30:24
696,Smootoae qy-s d3-202,2019-04-22 00:32:20
697,Thue jj-c b5-10,2019-04-22 00:33:55
698,Truechoae BO-U b16-13,2019-04-22 15:25:54
699,VEGNUAE GC-U D3-21,2019-04-22 16:54:27
700,Pikum,2019-04-22 18:30:00
701,Thuecheae wr-h d11-54,2019-04-22 22:07:44
702,Nyauthou KA-P c22-4,2019-04-23 04:13:05
703,Smootoae qy-s d3-202,2019-04-23 22:57:33
704,Wruethoo AZ-S D3-16,2019-04-24 02:27:25
705,Nyauthi QW-V A15-4 1A,2019-04-24 07:32:49
706,TRUECHOAE OZ-L B7-8,2019-04-24 11:29:32
707,Chua Eop ZC-T c20-0,2019-04-24 16:39:18
708,VEGNUAE GC-U D3-21,2019-04-24 17:18:24
709,PYRIE EUQ JC-D C12-0,2019-04-24 22:28:17
710,Iorant jh-d c12-0,2019-04-25 01:21:13
711,Thuecheae Wr-h d11-54,2019-04-25 03:57:09
712,PYRIE EURK QX-U E2-0 A,2019-04-25 22:15:35
713,chua eohn qi-v c5-0,2019-04-26 03:54:13
714,Beagle Point,2019-04-26 17:50:47
715,Beagle Point,2019-04-26 20:51:39
716,Beagle Point,2019-04-26 20:58:40
717,THUECHEAE WR-H D11-54,2019-04-26 22:51:59
718,Smootoae QY-S d3-202,2019-04-26 23:31:39
719,Smootoae QY-S d3-202,2019-04-27 04:27:26
720,Cheae Euq CQ-P d5-0,2019-04-27 09:26:54
721,Oevasy sg-y d0,2019-04-27 12:41:07
722,Bleethuae NI-B d674,2019-04-27 13:48:06
723,Pyria Thua PS-U D2-3,2019-04-27 15:43:36
724,pyroo eohn dw-y c3-0,2019-04-27 15:51:39
725,SLAIYOOE ZZ-O C19-0,2019-04-27 19:46:52
726,Hull,2019-04-27 21:18:25
727,Hull,2019-04-27 21:19:27
728,VonRictofen's Rescue,2019-04-28 05:04:03
729,Beagle Point,2019-04-28 06:00:06
730,Smootiae qd-x b42-2,2019-04-28 17:30:53
731,Slaiyooe OX-L d7-6,2019-04-28 18:44:35
732,BYUA AUB WO-K B36-0,2019-04-28 19:28:33
733,Beagle Point,2019-04-28 22:35:25
734,Beagle Point,2019-04-28 23:59:38
735,Beagle Point,2019-04-29 00:21:27
736,Beagle Point,2019-04-29 05:01:10
737,Prooe Flyi YJ-S c19-30,2019-04-29 05:34:24
738,Oevaxy eg-y d0,2019-04-29 07:57:42
739,Myeia Thaa UO-Z D13-0,2019-04-29 11:22:36
740,Smootoae QY-S d3-202,2019-04-29 15:49:23
741,Beagle Point,2019-04-29 16:41:36
742,Drootia ly-f d12-97,2019-04-29 20:53:02
743,Beagle Point,2019-04-29 22:12:28
744,Beagle Point,2019-04-29 23:57:00
745,Beagle Point,2019-04-30 02:48:36
746,Beagle Point,2019-04-30 02:54:48
747,Beagle Point,2019-04-30 12:17:32
748,Beagle Point,2019-04-30 18:14:38
749,Beagle Point,2019-05-01 05:54:17
750,Beagle Point,2019-05-01 08:39:11
751,VEGNUAE GC-U D3-21,2019-05-01 13:41:10
752,Beagle point,2019-05-01 13:57:57
753,PYRIA THUA TO-Z D13-2,2019-05-02 05:16:58
754,Beagle Point,2019-05-02 05:30:16
755,Oevasy SG-Y d0,2019-05-02 09:06:21
756,VEGNUAE GC-U D3-21,2019-05-02 20:03:41
757,Ceeckia XV-L c24-0,2019-05-02 20:34:28
758,Smootoae QY-S d3-202,2019-05-02 20:34:51
759,Beagle Point,2019-05-04 07:06:39
760,Chaa eop tj-c c2 ,2019-05-04 10:58:11
761,OEVASY SG-Y D0,2019-05-04 12:50:53
762,Beagle point,2019-05-04 20:07:11
763,Beagle Point,2019-05-04 20:19:47
764,Beagle Point,2019-05-04 23:03:37
765,Beagle Point,2019-05-04 23:04:30
766,TYROERTS TS-U D2-126,2019-05-05 12:26:47
767,Cheeckia zx-f d12-0,2019-05-05 20:23:14
768,Graea Flyi UJ-R d4-0,2019-05-06 03:51:49
769,Graea Flyi UJ-R d4-0,2019-05-06 03:52:37
770,Beagle point,2019-05-08 06:46:02
771,Beagle Point,2019-05-08 06:57:23
772,Beagle Point,2019-05-08 20:13:21
773,Beagle Point,2019-05-08 20:43:31
774,KYLOALKS DL-Y G17,2019-05-09 02:54:56
775,HR 6164,2019-05-09 03:09:58
776,Fachoae IN-S c20-2,2019-05-09 04:51:28
777,CEECKIA VV-L C24-0,2019-05-09 14:22:58
778,Beagle Point,2019-05-10 03:13:23
779,TRUECHOU UJ-I D9-196,2019-05-10 08:11:51
780,Beagle Point,2019-05-10 21:34:00
781,Beagle Point,2019-05-11 09:28:40
782,Wruethoo RH-O B34-0,2019-05-11 18:58:53
783,Beagle Point,2019-05-12 05:48:41
784,Prooe Pruae NM-O b50-1,2019-05-12 12:49:16
785,oevasy sg-y DO,2019-05-13 21:00:32
786,Ceeckia tp-n c23-0,2019-05-13 21:01:12
787,Cheae Euq IB-W c15-0,2019-05-15 19:28:05
788,Beagle Point,2019-05-15 20:56:16
789,Beagle Point,2019-05-16 06:26:38
790,Fleckao QK-C  D14-3,2019-05-17 22:13:28
791,Aucoths aj-z b33-3 c,2019-05-18 01:53:12
792,IORADY OH-Z B27-0,2019-05-18 08:11:28
793,Beagle Point,2019-05-18 21:53:36
794,Beagle Point,2019-05-18 23:07:36
795,Beagle Point,2019-05-19 00:20:31
796,Beagle Point,2019-05-19 01:03:31
797,Beagle Point,2019-05-19 05:40:09
798,Beagle Point,2019-05-19 18:30:25
799,Byoi Chraei QI-F B52-2,2019-05-19 20:33:47
800,IORADY FH-D C12-0,2019-05-19 21:11:55
801,VY Canis Majoris,2019-05-22 01:00:06
802,Beagle Point,2019-05-22 15:54:35
803,Hypuae Chraei ZO-Z C3033,2019-05-24 20:10:44
804,Hypiae Phyloi LR-C D22,2019-05-25 23:56:11
805,Beagle Point,2019-05-29 19:57:53
806,Beagle Point,2019-05-30 00:07:51
807,Eos Flee cl-j b36-0,2019-05-30 16:44:45
808,Beagle Point,2019-05-31 02:15:39
809,Beagle Point,2019-05-31 03:17:30
810,Beagle Point,2019-05-31 04:08:25
811,STREAU EOP BV-V B49-0,2019-06-02 13:41:38
812,Nyauthai sl-j d10-62 ,2019-06-02 18:25:25
813,Nyauthai SL-J D10-62,2019-06-02 19:25:34
814,Nyauthai SL-J D10-62,2019-06-02 19:26:56
815,Nyauthai SL-J D10-62,2019-06-02 20:10:17
816,Blie theia kg-y d24 ,2019-06-04 00:51:46
817,SYRIVUA YE-F C25-8,2019-06-04 20:52:20
818,DRYEAU AUB JT-Z D13-12,2019-06-05 12:38:00
819,Cheia Eoq TJ-U b22-0,2019-06-06 03:48:59
820,Beagle Point,2019-06-07 12:37:56
821,Kyloaiks DI-D b15-22,2019-06-07 12:45:53
822,HIP 12099,2019-06-07 15:57:32
823,cheia drye fs-h d11-2,2019-06-08 12:38:40
824,Bleethuae NI-B D674,2019-06-08 14:54:40
825,Ross 490,2019-06-09 14:13:47
826,PYRIVU ZS-D C1-13,2019-06-10 06:12:27
827,CPD-41 7755,2019-06-11 02:50:24
828,Potriti,2019-06-11 02:59:48
829,Masaii,2019-06-12 00:37:42
830,Crush briae bg-e d12-4064,2019-06-12 20:41:43
831,NUWO XK-Z C16-0,2019-06-13 14:40:15
832,LHS3577,2019-06-15 20:49:33
833,EAFOTS LZ-H B10-0,2019-06-16 23:55:28
834,Beagle Point,2019-06-20 17:16:25
835,Ceeckia RR-D B32-0,2019-06-21 01:51:43
836,Slaiyi EZ-S d3-2,2019-06-23 08:57:04
837,Truechea UY-S e3-4,2019-06-24 00:55:43
838,Blooe Byoe JP-R C7-0,2019-06-25 16:25:27
839,TRUECHEA UY-S E3-4,2019-06-26 21:35:56
840,Plua Chruia ky-z c-13-4,2019-07-01 01:56:15
841,Oupailks AA-A H0,2019-07-01 05:19:32
842,Word gree uk-r c7-31,2019-07-05 03:41:28
843,Braitu FB-G b39-0,2019-07-06 20:33:27
844,taurus dark region el-y d16,2019-07-08 19:35:12
845,Bleae Aewsy SK-A c29,2019-07-09 00:54:55
846,COL 285 Sector FS-F A13-3,2019-07-09 19:53:39
847,HIP 12591,2019-07-10 07:40:49
848,TEGNOEA QF-L D9-71,2019-07-10 18:33:56
849,COL 285 SECTOR DI-X B16-3,2019-07-10 19:58:58
850,Chua Dryoae HC-B d1-1,2019-07-12 05:21:36
851,Maia,2019-07-12 23:19:04
852,LBN 623 Sector FW-w D1-100,2019-07-13 09:12:06
853,LBN 623 Sector FW-W D1-100,2019-07-13 09:17:52
854,LBN 623 Sector FW-W D1-100,2019-07-13 09:54:32
855,Col 285 Sector UZ-N b7-5,2019-07-13 18:39:24
856,LBN 623 Sector FW-W d1-100,2019-07-13 18:40:27
857,LBN 623 Sector FW-W d1-100,2019-07-13 18:41:52
858,Synuefe HZ-E d12-28,2019-07-13 23:07:00
859,Puwee RT-Q c18-1 ,2019-07-14 00:42:52
860,HIP 16613,2019-07-14 16:57:07
861,MEL 111 SECTOR EM-L B8-1,2019-07-14 18:36:08
862,TRIANGULI SECTOR FG-Y D109,2019-07-14 21:32:16
863,SWOIWNS TL-J B1-2,2019-07-14 22:38:19
864,HIP 102082,2019-07-15 07:06:52
865,COL 285 SECTOR VR-H B11-1,2019-07-16 00:22:12
866,Plaa Eurk CG-X d1-8,2019-07-16 23:45:06
867,Swoiwns XK-A b6-3,2019-07-17 20:14:45
868,Plaa ain xb-b b28-1,2019-07-17 23:06:28
869,Eorm Briae LS-B d13-8187,2019-07-18 01:28:21
870,IC 1396 Sector RU-F D11-7,2019-07-19 00:26:14
871,North America Sector FW-W d1-13,2019-07-19 19:49:16
872,Alnitak,2019-07-20 00:14:56
873,Diaguandri,2019-07-20 04:09:58
874,IC 1396 Sector RU-F D11-7,2019-07-20 19:35:16
875,IC 1396 Sector RU-F D11-7,2019-07-20 19:41:15
876,IC 1396 Sector RU-F D11-7,2019-07-20 21:07:18
877,IC 1396 Sector CO-N C21-5,2019-07-20 22:34:55
878,Zibal,2019-07-21 01:35:13
879,Alnitak,2019-07-21 19:23:47
880,Pleiades sector eb-x c1-16,2019-07-22 07:07:46
881, wredguia vp-j b50-3,2019-07-23 19:20:47
882,Thuleppa,2019-07-23 23:40:06
883,Myriesly DQ-G D10-1240,2019-03-06 10:52:56
884,DW2 King Fisher Case. Location Not Captured.,2019-03-15 20:12:16
885,DW2 King Fisher Case. Location Not Captured.,2019-04-08 21:17:24
886,DW2 King Fisher Case. Location Not Captured.,2019-04-10 23:36:42
887,DW2 King Fisher Case. Location Not Captured.,2019-04-16 18:54:27
888,DW2 King Fisher Case. Location Not Captured.,2019-04-17 00:56:59
889,DW2 King Fisher Case. Location Not Captured.,2019-04-20 18:19:14
890,DW2 King Fisher Case. Location Not Captured.,2019-05-03 18:00:14
891,DW2 King Fisher Case. Location Not Captured.,2019-07-05 17:57:16
892,DROOTIE MP-G B30-2,2019-07-26 21:47:36
893,Stuemeae FG-Y d756,2019-07-27 03:27:04
894,Eembaitl HH-V c2-3,2019-07-29 20:45:39
895,Hyades Sector DB-X D1-112,2019-07-30 10:32:18
896,HYPOAE CHREA RM-I C23-754,2019-07-31 13:44:38
897,HYPOAE CHREA RM-I C23-754,2019-07-31 13:46:01
898,Oochost EG-C B46-0,2019-07-31 17:56:44
899,HYPOE FLYI XJ-Q D5-1056,2019-08-01 14:02:09
900,DRYAA PRUAE YP-V D3-6532,2019-08-02 22:43:02
901,Hyades Sector DB-X D1-112,2019-08-03 19:15:43
902,FLIMBUAE CA-A E2,2019-08-05 19:57:39
903,synuefe eu-q c21-10,2019-08-07 07:59:02
904,Chua Dryoae LO-N B40-0,2019-08-08 20:31:26
905,HIP 36601,2019-08-08 23:16:28
906,GRIA DRYE OG-Q C7-16,2019-08-13 14:31:07
907,GRIA DRYE OG-Q C7-16,2019-08-13 15:05:56
908,Pleiades Sector IH-V c2-7,2019-08-14 19:58:35
909,BYOI THUA RI-U B32-0,2019-08-18 00:15:11
910,BYAA AIN QA-J C11-144,2019-08-19 05:00:21
911,SYNUEFE LP-U B49-2,2019-08-24 03:03:55
912,HIP 17694,2019-08-24 19:52:34
913,HIP 17694,2019-08-24 21:40:52
914,HIP 17694,2019-08-24 21:42:20
915,SCHEE PLOE MU-N D7-2950,2019-08-24 21:52:50
916,hip 17694,2019-08-24 23:15:48
917,HIP 14617,2019-08-25 04:37:57
918,HIP 17694,2019-08-25 21:32:28
919,HIP 17694,2019-08-26 07:17:28
920,PUEKEE WN-X C28-816,2019-08-26 16:36:51
921,Col 285 Sector VU-M c8-1,2019-08-28 03:46:31
922,BLU THUA NR-C C26-14,2019-08-28 19:23:22
923,Col 285 Sector EF-F b12-4,2019-08-30 14:20:28
924,CD-39 6137,2019-09-01 18:09:33
925,CD-39 6137,2019-09-01 18:29:43
926,CD-39 6137,2019-09-01 18:37:29
927,CD-39 6137,2019-09-01 18:46:58
928,Eowrailt DC-D d12-1,2019-09-01 22:51:53
929,HIP 21991,2019-09-02 17:28:28
930,COL 285 Sector LJ-L B23-5,2019-09-03 21:39:52
931,Uctaisps DQ-F d11-3,2019-09-04 04:48:27
932,SIFEAE QY-A D22,2019-09-04 08:42:11
933,Col 285 Sector II-R c5-8,2019-09-04 10:12:32
934,Col 285 Sector II-R c5-8,2019-09-04 10:12:47
935,MYOANGAE DZ-S D3-42,2019-09-07 12:57:49
936,NGC 5606 VBFP 60,2019-09-07 19:49:14
937,Aucoks IC-B D1-20,2019-09-08 05:02:57
938,NGC 5606 VBFP 60,2019-09-08 09:15:40
939,NGC 5606 VBFP 60,2019-09-08 18:31:45
940,NGC 5606 VBFP 60,2019-09-08 19:56:17
941,NGC 5606 VBFP 60,2019-09-08 20:34:50
942,NGC 5606 VBFP 60,2019-09-08 20:38:15
943,NGC 5606 VBFP 60,2019-09-08 22:18:35
944,NGC 5606 VBFP 60,2019-09-08 22:58:16
945,NGC 5606 VBFP 60,2019-09-08 23:12:33
946,PSR J1752-2806,2019-09-09 04:27:46
947,Bhotho,2019-09-13 16:54:29
948,Seagull Sector DL-Y D3,2019-09-14 09:26:30
949,THAILE EB-K B27-1,2019-09-15 17:24:49
950,THAILE EB-K B27-1,2019-09-15 18:33:16
951,THAILE EB-K B27-1,2019-09-15 18:48:41
952,THAILE HW-V E2-7,2019-09-15 19:50:22
953,THAILE HW-V E2-7,2019-09-15 19:53:22
954,Struia Eork WW-O B12-0,2019-09-21 10:20:18
955,Seagull Sector DL-Y D3,2019-09-21 12:18:48
956,IC 2621 Sector BQ-Y D3,2019-09-21 16:49:27
957,PRU EUQ GI-Q D6-3,2019-09-22 01:17:36
958,PRU EUQ GI-Q D6-3,2019-09-22 01:17:42
959,Pha auscs bu-w b29-0,2019-09-22 14:05:30
960,Trifid Sector GW-W c1-14,2019-09-25 19:50:41
961,PRUE HYPA CS-I D10-8,2019-09-28 05:11:21
962,Pyramoe IA-R c20-12,2019-09-28 19:39:34
963,PRUE HYPA CL-Y G2,2019-09-29 00:54:28
964,Prue Hypa CS-I d10-8,2019-09-29 18:01:12
965,PRUE HYPA CS-I D10-8,2019-09-29 18:39:02
966,Hyades Sector DB-X d1-112/Ndabangluya,2019-09-29 23:36:13
967,Prue Hypa CS-I d10-8,2019-09-30 02:27:54
968,RHADIA DQ-O D6-5,2019-10-05 17:45:43
969,RHADIA DQ-O D6-5,2019-10-05 18:19:52
970,PHROI BLUAE IR-W F1-1530,2019-10-05 20:43:59
971,BLU THUA BB-J B50-0,2019-10-06 19:45:42
972,RHADIA DQ-O D6-5,2019-10-06 23:14:59
973,Bleae Thua HC-D d12-1,2019-10-07 19:18:13
974,HIP 73269,2019-10-08 19:24:05
975,HIP 73269,2019-10-08 19:33:20
976,Skaude aa-a h294,2019-10-08 20:16:48
977,EOCK PRAU WD-T D3-6,2019-10-11 21:59:28
978,EOCK PRAU WD-T D3-6,2019-10-13 19:10:41
979,Crucis Sector PI-T a3-1,2019-10-14 18:23:25
980,Clooku YS-M C9-43,2019-10-15 08:32:16
981,Eiforks GB-W d2-2,2019-10-18 20:42:54
982,HIP 21991,2019-10-19 11:51:51
983,Hip 21991,2019-10-19 11:54:39
984,Tascheter Sector ZZ-P A5-3,2019-10-21 08:44:53
985,HR 3140,2019-10-22 03:25:32
986,Ceos,2019-10-23 00:35:28
987,EODGOLS GK-R C4-49,2019-10-23 07:10:09
988,Quator,2019-10-24 04:32:27
989,Thaile hw-v e2-7,2019-10-24 19:49:22
990,V886 Centauri,2019-10-26 14:40:38
991,Pleiades Sector DL-Y D45,2019-10-27 01:00:52
992,Hip 76772,2019-10-27 03:12:33
993,pleiades sector gx-s b4-3,2019-10-29 17:05:09
994,Borann,2019-10-29 19:50:53
995,HIP 30045,2019-10-30 20:41:05
996,Ceekia hm-d c15-0,2019-10-30 20:53:45
997,Screakou JA-K c23-3062,2019-11-02 13:13:01
998,Byua Broae SX-T d3-1,2019-11-04 21:11:52
999,EOWYG AUB ZJ-I D9-161,2019-11-08 00:10:37
1000,LHS 262,2019-11-13 20:31:47
1001,Hip 17403,2019-07-25 19:10:31
1002,HIP 17694,2019-08-25 01:39:25
1003,NGC 5606 VBFP 60,2019-09-08 20:43:07
1004,Thor's Helmet Sector BQ-Y D17,2019-09-30 19:23:55
1005,RHADIA DQ-O D6-5,2019-10-06 05:49:28
1006,Col 89 sector fn-x c16-2,2019-10-13 22:17:10
1007,Ceos,2019-11-17 19:46:43
1008,Sphoekh QA-C d14-239,2019-11-19 23:01:03
1009,Shinrarta Dezhra,2019-11-22 00:00:20
1010,SYNUEFE NL-N C23-4,2019-11-23 22:34:50
1011,LP 410-93,2019-11-26 20:24:17
1012,WEPOOE QF-X C2-3172,2019-11-27 00:07:01
1013,BLOO PRAO KU-M D8-26,2019-12-01 17:57:00
1014,GM Cephei,2019-12-04 19:03:39
1015,NGC 6820 Sector BQ-Y d120,2019-12-08 18:58:53
1016,NGC 6820 Sector BQ-Y d54,2019-12-08 19:29:27
1017,NGC 6820 Sector BQ-Y d120,2019-12-09 16:41:23
1018,G 173-53,2019-12-12 20:34:19
1019,Reorte,2019-12-14 05:29:30
1020,Concani,2019-12-14 11:16:37
1021,BOEPH IW-U B33-50 A,2019-12-15 23:54:00
1022,Dryiquae PD-B b14-0,2019-12-17 01:00:39
1023,Pleia Aescs BE-X b29-3,2019-12-17 01:13:23
1024,Maia,2019-11-23 22:50:52
1025,Borann,2019-12-17 22:35:15
1026, Core Sys Sector GH-M a7-2,2019-12-31 01:28:45
1027,synuefe-JB-G B58-6,2019-12-31 22:34:15
1028,Vegnoae BK-R d4-1105,2020-01-02 08:29:22
1029,Hrimfaxi,2020-01-02 17:46:01
1030,DRYOI PRI TF-L D9-4354,2020-01-05 02:25:30
1031,Pyru Theia AC-K c22-0,2020-01-05 07:50:25
1032,Nuelou KR-C d2,2020-01-05 17:37:08
1033,G 218-5,2020-01-05 18:01:43
1034,Hrimfaxi,2020-01-07 19:58:51
1035,NGC 6357 Sector DL-Y e0,2020-01-08 00:18:58
1036,Flyua Dryoae oi-i c26-9,2020-01-12 03:26:12
1037,EOL FLYOU OJ-G D11-578,2020-01-13 06:14:26
1038,GCRV 1568,2020-01-13 23:53:18
1039,auphaibs bo-f D12-36,2020-01-14 23:43:53
1040,Puekee GF-R d4-836,2020-01-14 23:55:20
1041,Bauliae IV-V b29-3,2020-01-16 05:52:01
1042,Hip 36601,2020-01-16 06:17:32
1043,Deciat,2020-01-16 12:21:42
1044,Sol,2020-01-17 15:04:54
1045,Flyua Dryoae JN-Q D6-52,2020-01-19 15:13:22
1046,Hip 36601,2020-01-19 18:32:53
1047,FLYIEDGAE HZ-A B45-3 A 3 B,2020-01-19 20:14:49
1048,SMOOTOAE QY-S DS-202,2020-01-20 02:31:22
1049,Syneayeia HY-H c23-0,2020-01-20 06:45:01
1050,Hip 36601,2020-01-22 06:29:02
1051,Rhadu QS-A d1-9,2020-01-24 18:17:56
1052,Synuefe NL-N C23-4,2020-01-25 04:30:39
1053,Borann,2020-01-25 15:58:38
1054,Borann,2020-01-25 16:17:19
1055,Borann,2020-01-25 16:42:21
1056,Pomeche,2020-01-25 19:43:56
1057,Pomeche,2020-01-25 19:47:45
1058,Pomeche,2020-01-25 19:59:46
1059,Pomeche,2020-01-25 20:00:47
1060,Pomeche,2020-01-25 20:01:32
1061,Pomeche,2020-01-25 20:11:52
1062,Pomeche,2020-01-25 20:14:28
1063,BYA CHRIA JA-A D56,2020-01-28 20:19:37
1064,Beagle Point,2020-01-30 23:54:46
1065,Borann,2020-02-02 18:22:52
1066,gooreia hj-w b33-17,2020-02-03 21:01:15
1067,Sphuquia BF-R d4-1932,2020-02-05 02:17:05
1068,Blaa Flyao AN-H d11-38,2020-02-05 14:32:30
1069,Floalt OX-T D3-291,2020-02-05 22:59:53
1070,hip 39470,2020-02-07 22:25:34
1071,HIP 36601,2020-02-07 23:13:36
1072,Shaulue WW-P B5-23,2020-02-09 19:28:48
1073,BLEAE THAA CF-G C24-36,2020-02-09 19:33:49
1074,Alpha Centauri,2020-02-09 20:09:08
1075,Schee Hypa ES-A d1-0,2020-02-10 03:01:49
1076,Shaulue WW-P b5-23,2020-02-10 17:03:57
1077,Bubble Sector ZE-A e17,2020-02-11 19:30:47
1078,Bubble Sector LX-T B3-1,2020-02-11 21:27:19
1079,HIP 20540,2020-02-13 23:40:15
1080,Aiphaisty DP-C B27-1,2020-02-16 19:43:54
1081,Aiphaisty DP-C B27-1,2020-02-16 19:51:17
1082,Synuefe uz-t b21-0,2020-02-19 01:20:00
1083,IC 2391 sector bq-x b1-5,2020-02-20 22:28:20
1084,Ridgue AW-E D11-68,2020-02-22 19:43:49
1085,GREETHIA WM-D,2020-02-23 03:22:45
1086,Ceos,2020-02-25 15:38:26
1087,FOGEE XS-U D2-3,2020-02-29 19:58:38
1088,FLYUA DRYE YR-R A31-0,2020-03-01 05:25:19
1089,FOJEE HG-L B22-2,2020-03-01 09:08:10
1090,Hyades Sector IZ-K a23-1,2020-03-07 07:55:22
1091,Bya Ail NG-X d1-175,2020-03-08 08:49:10
1092,DROESPS HH-D D12-3,2020-03-08 10:26:03
1093,Bleethuae NI-B d674,2020-03-12 14:48:13
1094,Spoihaae XE-X D2-9,2020-03-13 03:12:53
1095,Smootoae QY-S d3-202,2020-03-14 17:20:00
1096,Thraireae FK-W C3-14,2020-03-15 01:13:47
1097,Hypoae sink eu-y b43-0,2020-03-16 00:33:17
1098,LHS 475,2020-03-18 02:59:08
1099,Traikaae RC-M d7-122,2020-03-20 23:54:24
1100,SYNUEFE FF-P C22-35,2020-03-25 17:44:11
1101,Procyon,2020-03-25 23:29:02
1102,Dryi Auscs MC-D d12-2716,2020-03-28 13:12:00
1103,Eol Prou IW-W E1-1201,2020-03-28 20:18:01
1104,Eol Prou IW-W E1-1201,2020-03-28 20:19:29
1105,Witch Head Sector IH-v C2-6,2020-03-28 23:06:42
1106,Witch Head Sector IH-V C2-6,2020-03-30 21:50:28
1107,Skaudou HA-H C26-34,2020-03-30 21:56:54
1108,LP 417-213,2020-03-31 21:19:09
1109,PHUA AUB KN-W C1-3339,2020-04-02 03:12:54
1110,Borann A 2 (LTD 3x),2020-04-03 00:48:36
1111,Plaa ain xr-p b21-1,2020-04-04 10:28:00
1112,CSI+29-19529,2020-04-06 23:41:50
1113,AUPHAILIN QJ-O D7-12,2020-04-08 19:03:22
1114,Synuefai MJ-P b52-0,2020-04-12 19:52:20
1115,Voqooe xk-n d7-113,2020-04-12 20:47:50
1116,Crucis Sector DL-Y C25,2020-04-13 00:46:22
1117,LHS 1446,2020-04-14 00:26:55
1118,Col 285 Sector AA-A A30-5,2020-04-14 05:48:04
1119,Borann,2020-04-14 15:15:52
1120,EAFOTS fo-x b42-1,2020-04-15 10:59:47
1121,Hermitage,2020-04-17 22:03:33
1122,Borann,2020-04-17 23:22:03
1123,Rolls Graae PG-E B15-4 AB,2020-04-18 09:54:09
1124,HYUERSHCH HX-W C4-0,2020-04-18 17:00:12
1125,EOLLS FLYI QH-H B15-7,2020-04-19 14:01:11
1126,Pyraleau FG-O D6-8,2020-04-21 10:11:43
1127,Ehecatl,2020-04-22 16:10:58
1128,Glaiseae RT-Z d13-4,2020-04-22 17:16:05
1129,Herao ,2020-04-23 23:03:56
1130,oochoxt md-r c21-1,2020-04-24 22:49:12
1131,Flyua Dryoae EK-E B45-1,2020-04-25 15:13:58
1132,Pre Drye yw-j c25-0,2020-04-26 12:54:38
1133,Borann,2020-04-26 13:28:53
1134,HIP 11324,2020-04-26 23:35:51
1135,2MASS J02333009+612854,2020-04-27 23:55:37
1136,2MASS J02333009+612854,2020-04-27 23:56:41
1137,Bleia Dryiae HX-B C16-1,2020-04-30 01:53:23
1138,Aucoths us-m d8-74,2020-04-30 10:03:44
1139,PRAEA EUQ UB-K B36-4,2020-05-02 20:45:55
1140,HD 345214,2020-05-05 19:11:33
1141,Kyli Flyuae WF-L D9-44,2020-05-05 19:46:50
1142,HIP 36601,2020-05-05 21:42:29
1143,Borann,2020-05-06 13:51:46
1144,Hyades sector dr-v c2-23,2020-05-06 14:51:11
1145,Borann,2020-05-10 00:46:22
1146,HIP 33601,2020-05-10 02:07:50
1147,Hd 63154,2020-05-11 23:32:11
1148,KYLOOPOAE NY-U C2-0,2020-05-15 08:55:01
1149,STKM 1-1341,2020-05-16 02:11:36
1150,Wregoe WZ-i B50-7,2020-05-16 05:31:49
1151,Beagle Point,2020-05-17 16:32:32
1152,Byeia euq wl-q c23 ,2020-05-19 06:05:28
1153,pro eurl ux-l d7-47,2020-05-19 10:06:52
1154,Yer Tanri,2020-05-21 21:58:29
1155,HD 57339,2020-05-23 16:04:49
1156,NGC 6416 sector IR-W D1-32,2020-05-24 22:08:54
1157,HIP 18546,2020-05-25 17:46:34
1158,blu euq pk-e b12-3,2020-05-26 18:27:26
1160,Koli Discii,2020-01-16 04:29:14
1161,Deciat,2020-01-20 16:25:52
1162,Hip 36601,2020-01-24 18:44:46
1163,Orrere,2020-02-08 16:30:16
1164,Drojaea CE-C C2-16 system,2020-02-21 07:40:41
1165,Fojee XS-U D2-3,2020-03-01 00:56:11
1166,Hip 36601,2020-03-06 06:16:15
1167,Col 285 sector ir-v c2-3,2020-03-09 09:34:22
1168,Koli Discii,2020-03-12 04:10:00
1169,IC 2602 Sector TO-P B6-10,2020-03-12 21:53:08
1170,12 Trianguli,2020-03-14 18:21:32
1171,HIP 36601,2020-03-19 18:11:55
1172,Col 173 Sector MO-P D6-77,2020-03-20 10:53:37
1173,Praea EUQ CH-Y C23,2020-03-22 05:01:22
1174,Synuefe NL-N C23-4,2020-04-19 00:37:39
1175,HIP 36601,2020-04-25 20:56:09
1176,Assinda ,2020-04-28 20:46:41
1177,HIP 36601,2020-05-05 20:42:47
1178,HIP 36601,2020-05-25 20:53:22
